"STNAME","CTYNAME","TOT_POP","Pmale","Pwhite","Pblack","Pasian","Phispanic","Page1","Page2","Page3","Page4","Page5","Page6","Page7","Page8","Page9","Page10","Page11","Page12","Page13","Page14","Page15","Page16","Page17","Page18"
"Washington","Adams County",19759,0.506553975403614,0.888860772306291,0.0202945493192975,0.0131585606559036,0.642998127435599,0.0965129814261855,0.108102636773116,0.0977782276430993,0.0817855154613088,0.068981223746141,0.0631104812996609,0.0623007237208361,0.057442178247887,0.0541019282352346,0.0520775342881725,0.0485348448808138,0.0492939926109621,0.0493952123083152,0.0382104357507971,0.029404322081077,0.018776253859001,0.0119439242876664,0.0122475833797257
"Washington","Asotin County",22610,0.487527642636002,0.932330827067669,0.00778416629809819,0.0100398053958425,0.0417956656346749,0.0515258735072977,0.0556833259619637,0.0594427244582043,0.0546660769570986,0.0455992923485184,0.0589562140645732,0.0567890314020345,0.0576293675364883,0.0546660769570986,0.0555506413091552,0.0591331269349845,0.0747456877487837,0.0824413976116763,0.0696594427244582,0.0582043343653251,0.045687748783724,0.0307386112339673,0.0288810260946484
"Washington","Benton County",201877,0.501047667639206,0.900850517889606,0.0179713389836386,0.0326485929551162,0.222506773926698,0.071667401437509,0.0761750967173081,0.0757689087909965,0.0676699178212476,0.0599523472213278,0.0680711522362627,0.0684674331399813,0.0683237813123833,0.0579709427027348,0.0567375183899107,0.0573368932567851,0.0623993818017902,0.0603733956815289,0.0514818429043427,0.0384293406381113,0.026065376442091,0.0164803320833973,0.0166289374222918
"Washington","Chelan County",77036,0.500038942831923,0.931694272807519,0.00935926060543123,0.0125525728230957,0.282880731086765,0.0625681499558648,0.0668778233553144,0.065164338750714,0.0617633314294615,0.0569344202710421,0.0641907679526455,0.0609065891271613,0.062633054675736,0.0553507451061841,0.0539617841009398,0.0584921335479516,0.0683706319123527,0.0720182771691157,0.0639830728490576,0.0483280544161171,0.0327639025909964,0.0217301002128875,0.0239628225764578
"Washington","Clallam County",76737,0.493138903006372,0.871548275277897,0.0117414024525327,0.0187002358705709,0.0642845042156978,0.046053403182298,0.0486988024030129,0.0468483261008379,0.0454539531125793,0.0449066291358797,0.0551103118443515,0.0538071595188762,0.0529601105073172,0.0467440739147999,0.0480341947170205,0.052334597391089,0.0736541694358654,0.0893180603880788,0.0953516556550295,0.0777069731680936,0.0549148389955302,0.0335301093344801,0.0345726311948604
"Washington","Clark County",481857,0.494167356705413,0.864358097941921,0.0232703893478771,0.0490913279250898,0.0995834863870401,0.0613439256874965,0.066135803775809,0.0698298457841227,0.0649653320383433,0.0577993056031146,0.0676424748421212,0.0653015313671899,0.0681488491398901,0.0653368115436737,0.0669513984439367,0.0639359810068132,0.0664761537136536,0.0614601427394434,0.0546489933735527,0.0422864044726963,0.0266821899443196,0.0154091359054657,0.0156457206183577
"Washington","Columbia County",4059,0.48829761024883,0.914510963291451,0.00689825080068983,0.0133037694013304,0.0783444198078344,0.0505050505050505,0.052229613205223,0.0519832471051983,0.0502586844050259,0.0428677014042868,0.0537078098053708,0.0473022912047302,0.0554323725055432,0.0418822370041882,0.0539541759053954,0.0647942843064794,0.0773589554077359,0.0790835181079084,0.0891845282089185,0.0679970436067997,0.0542005420054201,0.0344912540034491,0.0327666913032767
"Washington","Cowlitz County",108987,0.494903061833063,0.91083340214888,0.0111114169579858,0.0163597493279015,0.0915246772550855,0.0619248167212603,0.0631818473762926,0.0642645453127437,0.061401818565517,0.0539330378852524,0.0652554891867837,0.0579610412251002,0.0606861368787103,0.0577133052565902,0.0608788204097736,0.0614109939717581,0.0706414526503161,0.0714947654307394,0.0622734821584226,0.0511987668254012,0.0349032453411875,0.020360226449026,0.0205162083551249
"Washington","Douglas County",42907,0.506677232153262,0.930011420048011,0.00818048337101172,0.0112335982473722,0.321019880206027,0.0655137856293845,0.0734845130165241,0.0753490106509427,0.0678444076724078,0.0594308620970937,0.0623208334304426,0.0625772018551752,0.061365278392803,0.0579159577691286,0.0573333022583728,0.0551891299787913,0.0625305894143147,0.063462838231524,0.0555387232852448,0.0467755844034773,0.0329083832474888,0.0202764117743026,0.0201831868925816
"Washington","Ferry County",7649,0.511047195711858,0.757092430383057,0.00705974637207478,0.00980520329454831,0.0502026408680873,0.047980128121323,0.0477186560334684,0.0473264479016865,0.0577853314158714,0.0477186560334684,0.044188782847431,0.0434043665838672,0.0471957118577592,0.0532095698784155,0.0606615243822722,0.0585697476794352,0.0794875147078049,0.092561119100536,0.104196627010067,0.0698130474571839,0.0524251536148516,0.0227480716433521,0.0230095437312067
"Washington","Franklin County",94347,0.516730791652093,0.899329072466533,0.0291795181616798,0.0242403044081953,0.53479177928286,0.0897325829120163,0.093039524309199,0.0907925000264979,0.0779463045989804,0.0670927533466883,0.0759324620814652,0.0791970067940687,0.0751163259033144,0.0634042417882922,0.0565253797153063,0.0495405259308722,0.0457248243187383,0.0438063743415265,0.0343201161669157,0.0248974530191739,0.0153264014754046,0.00916828304026625,0.00843694023127391
"Washington","Garfield County",2247,0.489096573208723,0.934579439252336,0.000890075656430797,0.0284824210057855,0.0542946150422786,0.0712060525144637,0.0511793502447708,0.0551846906987094,0.0511793502447708,0.0445037828215398,0.0356030262572319,0.0507343124165554,0.0529595015576324,0.063640409434802,0.0520694259012016,0.0542946150422786,0.0712060525144637,0.0921228304405874,0.0832220738762795,0.0663106364040943,0.0333778371161549,0.0333778371161549,0.0378282153983089
"Washington","Grant County",97331,0.508974530211341,0.9221625175946,0.0181545448007315,0.0114763025141014,0.421294346097338,0.0767484152017343,0.0857178083036237,0.0851321778261808,0.0738202628145195,0.0664844705181289,0.0733579229639067,0.0635871407876216,0.061470651693705,0.0567547852174538,0.0555424273869579,0.0530868890692585,0.0573301414759943,0.0538163586113366,0.0456175319271352,0.0372132208648837,0.0241855112965037,0.0145791166226588,0.015555167418397
"Washington","Grays Harbor County",73901,0.511752209036414,0.872017969986874,0.013937565120905,0.0147494621182393,0.102339616513985,0.0528680261430833,0.0586730896740234,0.058537773507801,0.0537881760733955,0.0502699557516136,0.0605404527678922,0.0580235720761559,0.0593090756552685,0.0546271363039742,0.0586460264407789,0.0622724996955386,0.0737743738244408,0.0825969878621399,0.0760206221837323,0.0575093706445109,0.0379155897755105,0.0232473173570046,0.0213799542631358
"Washington","Island County",84460,0.498638408714184,0.854167653327019,0.0313639592706607,0.0506985555292446,0.0812100402557424,0.0569026758228747,0.0511129528771016,0.0461875443997158,0.0447904333412266,0.0702225905754203,0.075195358749704,0.0655221406582998,0.0568789959744258,0.0448141131896756,0.0470992185650012,0.0535874970400189,0.0660904570210751,0.0757636751124793,0.0818257163154156,0.0692043570921146,0.0451456310679612,0.0252663982950509,0.024390243902439
"Washington","Jefferson County",31729,0.489394560181537,0.913864288190614,0.0103060291846576,0.0190046960194144,0.0369063002300734,0.0301616817422547,0.0326515175391598,0.0342903967978821,0.0344164644331684,0.0339437108008447,0.041318667465095,0.0438085032620001,0.0451952472501497,0.0402470925651612,0.0492609284881339,0.0549654889848404,0.0794856440480318,0.111727441772511,0.125153644930505,0.107504175990419,0.0681710737810836,0.0352989378801727,0.0323993822685871
"Washington","King County",2233163,0.50202515445581,0.668904598544755,0.0692573717189475,0.192109577312538,0.0977371557741195,0.0582711606810609,0.0572098857091936,0.0552055537370089,0.0536033419862321,0.059566184823947,0.0924522750914286,0.0906378083462784,0.081043793041529,0.0691575133566157,0.0689058523717257,0.0629027079528006,0.0624244625224401,0.0564705755916608,0.0455130234559681,0.0339334835835987,0.0214390978177589,0.0140831636562132,0.0171801162745397
"Washington","Kitsap County",269805,0.511413798854728,0.82560367672949,0.0310742943978058,0.0545949852671374,0.0797724282352069,0.0581456978187951,0.0561701969941254,0.0567520987379774,0.054246585496933,0.0756138692759586,0.0780823187116621,0.0692388947573247,0.0647059913641334,0.0541761642667853,0.0566483200830229,0.0599803561831693,0.0696836604214155,0.0683011804822001,0.0613961935471915,0.0498100479976279,0.0308074349993514,0.017738737236152,0.0185022516261745
"Washington","Kittitas County",47364,0.504370407904738,0.915484334093404,0.0119288911409509,0.0225065450553163,0.0894350139346339,0.0460476311122371,0.0484967485854235,0.0482222785237733,0.0824676969850519,0.158643695633815,0.0729456971539566,0.0537750190017735,0.0535005489401233,0.0471032851955071,0.0513470146102525,0.0507769614052867,0.0637615066295076,0.062621400219576,0.0553373870450131,0.042711764209104,0.0284182079216282,0.0173338400472933,0.0164893167806773
"Washington","Klickitat County",22107,0.504681775003393,0.927081919753924,0.00678518116433709,0.00940878454788076,0.119147781245759,0.0498484642873298,0.0521554258832044,0.0566336454516669,0.0523363640475867,0.0445107884380513,0.0480390826435066,0.0533767584927851,0.0579454471434387,0.0594381869995929,0.0618356176776587,0.0629212466639526,0.0751345727597593,0.0868955534446103,0.085312344506265,0.0646853937666802,0.043244221287375,0.0244718867327091,0.0212149997738273
"Washington","Lewis County",79604,0.499723631978293,0.92031807446862,0.00925832872719964,0.0130018592030551,0.102947088086026,0.0591176322797849,0.0589668860861263,0.059218129742224,0.0585397718707603,0.05259785940405,0.0621325561529571,0.0571704939450279,0.0595070599467363,0.0548967388573438,0.0595321843123461,0.0601854178182001,0.0736520777850359,0.0746319280438169,0.0696573036530828,0.055637907642832,0.0387668961358726,0.024081704436963,0.0217074518868399
"Washington","Lincoln County",10740,0.511359404096834,0.940130353817505,0.00558659217877095,0.00512104283054004,0.0347299813780261,0.0515828677839851,0.0573556797020484,0.065828677839851,0.0621973929236499,0.043389199255121,0.040316573556797,0.043389199255121,0.0536312849162011,0.0512104283054004,0.0546554934823091,0.0565176908752328,0.0754189944134078,0.0888268156424581,0.0809124767225326,0.0675977653631285,0.0445996275605214,0.0307262569832402,0.0318435754189944
"Washington","Mason County",65507,0.519730715801365,0.876913917596593,0.0146243912864274,0.0136321309173065,0.103820965698322,0.0526355961958264,0.0544063993161036,0.0551696765231197,0.0504373578396202,0.051429618208741,0.062985635122964,0.0567114964812921,0.058421237425008,0.0509105897079701,0.0568794174668356,0.0602225716335659,0.0758086922008335,0.0859755445982872,0.0791518463675638,0.0629551040346833,0.0410032515609019,0.0250049613018456,0.0198910040148381
"Washington","Okanogan County",42132,0.503441564606475,0.815342257666382,0.00944650147156556,0.0120810785151429,0.204998575904301,0.0623991265546378,0.0675258710718694,0.0657932213044717,0.0565840691161113,0.04687648343302,0.0560856356213804,0.0550887686319187,0.0577708155321371,0.0534035887211621,0.0575097313206114,0.0532849140795595,0.0703977973986519,0.081434539067692,0.0743377954998576,0.0593847906579322,0.0372401025348903,0.0239485426754011,0.0209342067786955
"Washington","Pacific County",22036,0.499319295697949,0.899301143583227,0.0117534942820839,0.0210564530767834,0.0980214194953712,0.0421582864403703,0.0420675258667635,0.0471047377019423,0.0427936104556181,0.0406153566890543,0.0467870756943184,0.0463786531130877,0.0528680341259757,0.0446088219277546,0.0492376111817027,0.0594027954256671,0.0753312760936649,0.103739335632601,0.105917589399165,0.0866309675077147,0.0537756398620439,0.0327191867852605,0.0278634960972953
"Washington","Pend Oreille County",13602,0.508895750624908,0.911042493750919,0.00661667401852669,0.0127922364358183,0.0377150419056021,0.0484487575356565,0.0512424643434789,0.0563887663578885,0.0584472871636524,0.041243934715483,0.0421996765181591,0.045213939126599,0.0472724599323629,0.0463902367298927,0.0557270989560359,0.0651374797823849,0.0843993530363182,0.0980002940744008,0.0938097338626672,0.0760917512130569,0.0438170857226878,0.0239670636671078,0.0222026172621673
"Washington","Pierce County",891299,0.497400984405906,0.747581900125547,0.0758959675709274,0.0691765614008318,0.111245496741273,0.0672894281268127,0.0664131789668787,0.064264629490216,0.0595198693143378,0.0660698598337932,0.0813901956582471,0.0755526484378418,0.0718984313905883,0.0608538773183859,0.0621418850464322,0.0617211508147098,0.065369758072207,0.0593627952011615,0.0477617499851341,0.0362111928769134,0.0237439961225133,0.0149545775323432,0.0154807758114841
"Washington","San Juan County",17128,0.483769266697805,0.93922232601588,0.00782344698738907,0.0151798225128445,0.0665576833255488,0.0285497431106959,0.0354974311069594,0.0405184493227464,0.0390004670714619,0.0380079402148529,0.0375992526856609,0.04542269967305,0.0478748248482018,0.046823914058851,0.0507940214852872,0.0601354507239608,0.0828468005604858,0.106025221858944,0.117526856609061,0.102580569827184,0.0584423166744512,0.0331036898645493,0.0292503503035965
"Washington","Skagit County",128206,0.495639829649158,0.902586462412056,0.0109121257975446,0.024070636319673,0.18663713086751,0.060683587351606,0.0607147871394475,0.0609487855482583,0.05687721323495,0.0558710200770635,0.06487995881628,0.0612685833736331,0.0622981763724007,0.0555902219864905,0.0562844172659626,0.0568304135531878,0.0688423318721433,0.0715021137856263,0.0683353353197198,0.0554966226229662,0.0369093490164267,0.0230488432678658,0.0236182393959721
"Washington","Skamania County",11924,0.50830258302583,0.929889298892989,0.00670915800067092,0.0103991949010399,0.0633176786313318,0.0439449849043945,0.0512411942301241,0.054679637705468,0.0547635021804763,0.0440288493794029,0.0497316336799732,0.0530023482053002,0.057950352230795,0.0607178799060718,0.065330426031533,0.0685172760818517,0.0888124790338812,0.0970311975847031,0.074220060382422,0.0584535390808454,0.0345521637034552,0.021049983227105,0.0219724924521972
"Washington","Snohomish County",814901,0.501725976529664,0.775975241164264,0.036738205008952,0.116371191101741,0.104440907545825,0.0639132851720638,0.0625548379496405,0.0632150408454524,0.0572867133553646,0.0565283390252313,0.0730665442796119,0.0767970587838277,0.0762423901799114,0.0657429552792302,0.0683862211483358,0.0674560468081399,0.0710478941613767,0.0630616479793251,0.0487175742820294,0.0352153206340402,0.0220603484349633,0.0139464793882938,0.014761302293162
"Washington","Spokane County",514631,0.495875685685472,0.890842176238897,0.0200318286306111,0.0242970205836803,0.0592133004035901,0.0609912733589698,0.0613857307468847,0.0621901906414499,0.063317211749778,0.0671801737555647,0.078829297108025,0.0711461221729744,0.0661386508002821,0.057310966498326,0.0598564796912739,0.058935431406192,0.0665972318029812,0.0642984973699602,0.0563471691367213,0.041693951588614,0.0270854262568714,0.0175174056751342,0.0191787902399972
"Washington","Stevens County",45260,0.49909412284578,0.891736632788334,0.00554573574900575,0.00813079982324348,0.0378479893946089,0.0537781705700398,0.0591913389306231,0.0641405214317278,0.0588599204595669,0.0453380468404772,0.0477021652673442,0.04584622182943,0.0502209456473708,0.0515687140963323,0.0571586389748122,0.0617322138753867,0.0802695536897923,0.0912726469288555,0.0837604949182501,0.0625276182059213,0.0416482545293858,0.0240167918692002,0.0209677419354839
"Washington","Thurston County",286419,0.489269217475098,0.818329091296318,0.0357029387016923,0.0620978356882749,0.0918200259061026,0.0582712739029185,0.0606209783568828,0.0595246823709321,0.0573460559529919,0.0594758029320681,0.0731725199794706,0.0721460517633258,0.0722228623101121,0.0626599492352114,0.0622060687314738,0.059608475694699,0.0649398259193699,0.0649328431423893,0.0610294708102465,0.046390078870466,0.0289575761384545,0.0179841421134771,0.0185113417755107
"Washington","Wahkiakum County",4426,0.502033438770899,0.91640307275192,0.00564844103027564,0.0180750112968821,0.05286940804338,0.0309534568459105,0.0519656574785359,0.0517397198373249,0.0598734749209218,0.0393131495707185,0.0413465883416177,0.0381834613646634,0.0408947130591957,0.043605964753728,0.0512878445549028,0.0643922277451423,0.0729778581111613,0.0917306823316765,0.100090375056484,0.0944419340262088,0.0603253502033439,0.0370537731586082,0.0298237686398554
"Washington","Walla Walla County",60922,0.511112570171695,0.91343028790913,0.023210006237484,0.0176947572305571,0.214996224680739,0.0547585437116313,0.0573356094678441,0.0609139555497193,0.0773283871179541,0.0886215160368996,0.0677916023768097,0.0610616854338334,0.0611765864548111,0.0538721644069466,0.0542168674698795,0.0568267620892288,0.0613899740651981,0.064180427431798,0.0566790322051147,0.0448770559075539,0.0312859065690555,0.0205344538918617,0.0271494698138603
"Washington","Whatcom County",225685,0.494884462857523,0.864107051864324,0.0127833041628819,0.0464098189955026,0.0951281653632275,0.053468329751645,0.0550723353346479,0.0538006513503334,0.066056671909963,0.104216053348694,0.0752863504442032,0.0622416199570197,0.0636639563994063,0.055200833019474,0.0574207412987128,0.055940802445887,0.0608946097436693,0.0632297228437867,0.0601147617254137,0.0472251146509515,0.0295057270088841,0.0179497972838248,0.0187119214834836
"Washington","Whitman County",49791,0.510293024843847,0.838806209957623,0.0241609929505332,0.0838906629712197,0.0657548552951337,0.0424976401357675,0.0420758771665562,0.0402080697314776,0.123837641340805,0.244863529553534,0.0905987025767709,0.0567572452852925,0.0488441686248519,0.0421160450683859,0.0387419413146954,0.0372557289469985,0.0452491414110984,0.042899319154064,0.03422305235886,0.0261493040911008,0.0185174027434677,0.0114277680705348,0.0137374224257396
"Washington","Yakima County",251446,0.500250550814091,0.872250900789832,0.0152716686684218,0.0155580124559548,0.499001773740684,0.0807569020783787,0.0838549827796028,0.0840299706497618,0.0755828289175409,0.0671396641823692,0.071562084900933,0.0628643923546209,0.0615997072930172,0.0568352648282335,0.0563580251823453,0.0538564940384814,0.0565568750347987,0.0517009616378865,0.044848595722342,0.0348225861616411,0.0242278660229234,0.0158721952228311,0.0175306029922926
"Oregon","Baker County",16006,0.508934149693865,0.941209546420092,0.00606022741471948,0.00849681369486443,0.043858553042609,0.0522928901661877,0.0559165313007622,0.0551043358740472,0.0491065850306135,0.0447332250406098,0.0499812570286143,0.0572910158690491,0.0566037735849057,0.0464825690366113,0.0544170935899038,0.0575409221541922,0.075346744970636,0.0810945895289266,0.0842808946645008,0.0656003998500562,0.0526052730226165,0.0309259027864551,0.030675996501312
"Oregon","Benton County",92101,0.501796940315523,0.864670307597095,0.012106274633283,0.071171865669211,0.0760903790404013,0.0412481949164504,0.0431699981542003,0.0479473621350474,0.0913670861337011,0.167294600492937,0.0767852683467063,0.0551134081063181,0.0535824801033648,0.0479256468442254,0.0500537453447845,0.0475564869002508,0.0553957068870045,0.0602925049673728,0.0575780936146187,0.0420842336130987,0.0266446618386337,0.0166773433513208,0.0192831782499647
"Oregon","Clackamas County",416075,0.492882292855855,0.891810370726432,0.011666165955657,0.0473688637865769,0.0885777804482365,0.0536177371868053,0.0597536501832602,0.0631496725349997,0.0594243826233251,0.0544877726371447,0.0612269422580064,0.0616643633960224,0.0681415610166436,0.064445112059124,0.0672763323919966,0.0655843297482425,0.0707348434777384,0.0694730517334615,0.0626497626629814,0.0481331490716818,0.0309006789641291,0.0182515171543592,0.0210851409000781
"Oregon","Clatsop County",39764,0.494291318780807,0.925259028266774,0.00880193139523187,0.0176290111658787,0.0865355598028367,0.0517050598531335,0.052912181873051,0.0535911880092546,0.0549994970324917,0.0526606981189015,0.0617141132682829,0.0597525399859169,0.0651845890755457,0.0540438587667237,0.0559299869228448,0.0568353284377829,0.0726033598229554,0.0837943868826074,0.08253696811186,0.0620158937732622,0.0372447439895383,0.0231616537571673,0.0193139523186802
"Oregon","Columbia County",52377,0.500028638524543,0.925291635641598,0.00689233824006721,0.0117799797621093,0.0538786108406362,0.0539549802394181,0.0573916031846039,0.060637302632835,0.0611527960746129,0.0518166370735246,0.0588044370620692,0.0567997403440441,0.0632147698417244,0.0594726693014109,0.0675487332225977,0.0680069496152892,0.0787368501441472,0.0751856731007885,0.0648567119155355,0.0506901884414915,0.0342134906542948,0.0195696584378639,0.0179468087137484
"Oregon","Coos County",64389,0.493189830561121,0.904082995542717,0.00664709810681949,0.0135116246563854,0.0665331034804081,0.0496047461522931,0.0510646228393049,0.0516858469614375,0.0494960319309199,0.0480827470530681,0.0567798847629253,0.0536892947553154,0.0567488235568187,0.0502104396713724,0.0529127646026495,0.0583950674804703,0.0770317911444501,0.0860861327245337,0.0836167668390564,0.0674804702666605,0.0485020733355076,0.0315426548012859,0.0270698411219308
"Oregon","Crook County",23867,0.496836636359827,0.948213013784724,0.00410608790380023,0.00712280554740856,0.077596681610592,0.0550969958520132,0.0529182553316294,0.05635396153685,0.0511585033728579,0.0460468429211882,0.0506557170989232,0.053211547324758,0.0548037038588847,0.0575690283655256,0.0537981313110152,0.0592449826119747,0.076297817069594,0.0837977123224536,0.0851384757196129,0.0688398206728956,0.0459211463527046,0.0259772908199606,0.0231700674571584
"Oregon","Curry County",22813,0.492131679305659,0.92061543856573,0.00591767851663525,0.00859159251304081,0.0734230482619559,0.0397141980449744,0.0398457020120107,0.0400648752904046,0.0388375049313988,0.0357690790338842,0.0447113487923552,0.0433086398106343,0.0428264585981677,0.0412922456494104,0.048744137114803,0.0593521237890676,0.0828913338885723,0.100732038749836,0.110200324376452,0.0934554859071582,0.0657519835181695,0.038399158374611,0.0341033621180906
"Oregon","Deschutes County",191996,0.494812391924832,0.942368591012313,0.005630325631784,0.01255755328236,0.0808141836288256,0.0512198170795225,0.0551157315777412,0.0601106273047355,0.0540063334652805,0.0495999916664931,0.0637461197108273,0.0665065938873727,0.0684597595783245,0.0631211066897227,0.0670430633971541,0.0597304110502302,0.0674076543261318,0.0738869559782495,0.0714233629867289,0.0558553303193817,0.0344278005791787,0.0193910289797704,0.0189483114231546
"Oregon","Douglas County",110283,0.492949956022234,0.925936001015569,0.00549495389135225,0.0110715160088137,0.0603084790946927,0.0516942774498336,0.0535168611662722,0.0548588631067345,0.0519663048701976,0.0468612569480337,0.0563731490800939,0.0550130119782741,0.0550130119782741,0.0506605732524505,0.053389915036769,0.0593654507040976,0.073882647370855,0.0801211428778688,0.0794954798110316,0.0681156660591388,0.0478949611454168,0.0306484226943409,0.0311290044703173
"Oregon","Gilliam County",1894,0.511087645195354,0.940337909186906,0.00369588173178458,0.00844772967265047,0.0691657866948258,0.0454065469904963,0.0638859556494192,0.0527983104540655,0.0506863780359029,0.0448785638859557,0.0327349524815206,0.044350580781415,0.0623020063357973,0.042766631467793,0.0485744456177402,0.0538542766631468,0.0786694825765576,0.100844772967265,0.0818373812038015,0.0702217529039071,0.0448785638859557,0.0343189017951426,0.0469904963041183
"Oregon","Grant County",7176,0.499860646599777,0.942586399108138,0.00320512820512821,0.00682831661092531,0.0390189520624303,0.0437569676700112,0.0496098104793757,0.052257525083612,0.0472408026755853,0.04041248606466,0.0437569676700112,0.0530936454849498,0.0500278706800446,0.048355629877369,0.0498885172798216,0.0505852842809365,0.080546265328874,0.0866778149386845,0.0914158305462653,0.0758082497212932,0.0593645484949833,0.0380434782608696,0.0391583054626533
"Oregon","Harney County",7329,0.510028653295129,0.910083231000136,0.0110519852640196,0.00586710328830673,0.049119934506754,0.0596261427206986,0.0547141492700232,0.0575794787829172,0.0536225951698731,0.0513030427070542,0.052531041069723,0.0566243689452859,0.0564879246827671,0.054850593532542,0.0522581525446855,0.0567608132078046,0.0720425706099058,0.0769545640605813,0.0806385591485878,0.0583981443580297,0.0480283804066039,0.0304270705416837,0.0271524082412335
"Oregon","Hood River County",23428,0.499871948096295,0.935589892436401,0.00772579819019976,0.0160918558989244,0.320770018780946,0.0624893290080246,0.0644527915315008,0.0690626600648796,0.0698736554550111,0.0572818849240225,0.0599282909339252,0.0650930510500256,0.0665016219907803,0.0672699334130101,0.0624466450401229,0.0649649991463206,0.0674406692846167,0.0667150418302885,0.0539098514597917,0.0387143588868021,0.0247993853508622,0.0177992146149906,0.0212566160150248
"Oregon","Jackson County",219564,0.487793991729063,0.919367473720646,0.00950064673625913,0.0155945419103314,0.132271228434534,0.0555009017871782,0.0587027017179501,0.0580058661711392,0.0553597128855368,0.0541208941356507,0.0652474904811353,0.0613579639649487,0.0618862837259296,0.0557331803027819,0.0571268513964038,0.057381902315498,0.0672286895848135,0.0726576305769616,0.071974458472245,0.0583201253393088,0.039009127179319,0.0243619172541947,0.0260243027090051
"Oregon","Jefferson County",24192,0.515790343915344,0.753513558201058,0.013723544973545,0.00810185185185185,0.201512896825397,0.0637814153439153,0.0696511243386243,0.0651041666666667,0.0572503306878307,0.054728835978836,0.066468253968254,0.0601851851851852,0.0572916666666667,0.0534060846560847,0.0598131613756614,0.0606812169312169,0.0676256613756614,0.0691550925925926,0.0654761904761905,0.0549355158730159,0.0376984126984127,0.0220734126984127,0.0146742724867725
"Oregon","Josephine County",87393,0.488380076207477,0.930166031604362,0.00590436304967217,0.0106415845662696,0.0761845914432506,0.0517547171970295,0.0532765782156466,0.0571556074285126,0.0526930074491092,0.0459991074800041,0.0555879761536965,0.0528760884739052,0.053070612062751,0.050301511562711,0.0546268007735173,0.0580023571681942,0.074227912990743,0.0805785360383555,0.0812422047532411,0.0699026237799366,0.0475896238829197,0.0308834803702814,0.0302312542194455
"Oregon","Klamath County",67653,0.499859577550146,0.885016185535009,0.00972610231623136,0.0113077025409073,0.134347331234387,0.0620223789041136,0.0615937208992949,0.06002690198513,0.0574845165772397,0.0578836119610365,0.0675653703457349,0.0595391187382673,0.055636852763366,0.0510989904364921,0.0557994471789869,0.0578688306505255,0.0677427460718667,0.0737735207603506,0.0739508964864825,0.0551342882059923,0.0386974709177716,0.0232657827442981,0.0209155543730507
"Oregon","Lake County",7879,0.533189491052164,0.911663916740703,0.00685366163218683,0.0143419215636502,0.0837669755045057,0.0510217032618353,0.0543216144180734,0.0535600964589415,0.0520370605406777,0.0423911663916741,0.0497525066632821,0.0503871049625587,0.054194694758218,0.0596522401319964,0.0624444726488133,0.0560984896560477,0.0767863942124635,0.0851630917629141,0.0817362609468207,0.0638405889072217,0.0510217032618353,0.0285569234674451,0.0270338875491814
"Oregon","Lane County",379611,0.492274986762765,0.891178074397212,0.0123152384941427,0.0322408992363235,0.0914409751034612,0.0492635882521845,0.0501408020315534,0.0525801412498584,0.0643000334553003,0.0940041252756111,0.0711333443972909,0.0598797189754775,0.0635255564248665,0.0577960069650247,0.0561548532576769,0.0553540334711059,0.0643474504163473,0.0681855899855378,0.0668289380444718,0.0503726182855607,0.0339689840389241,0.0201864540279391,0.021977761445269
"Oregon","Lincoln County",49388,0.482202154369482,0.897201749412813,0.0085850813962906,0.0136267919332631,0.095164817364542,0.0450919251640075,0.0477443913501255,0.0483720741880619,0.0460233255041711,0.0402121972948894,0.0468332388434438,0.0486352960233255,0.0554183202397344,0.0487365351907346,0.0529480845549526,0.0563497205798979,0.0800396857536244,0.0992751275613509,0.104134607596987,0.0766582975621608,0.0492832266947437,0.0287924192111444,0.0254515266866445
"Oregon","Linn County",127335,0.494443790002749,0.926124003612518,0.00784544704912239,0.0118427769270036,0.0929673695370479,0.0613421290297247,0.0613892488318216,0.0640122511485452,0.0595751364510936,0.057069933639612,0.0700907056190364,0.0653001924058586,0.0620175128597793,0.0573447991518436,0.060014921270664,0.0583814347979738,0.0686928181568304,0.0688734440648683,0.0621667255664193,0.0489574743786076,0.0340126438135626,0.0208348058271489,0.0199238229866101
"Oregon","Malheur County",30725,0.542782750203417,0.920260374288039,0.0163710333604557,0.0156550040683483,0.344019528071603,0.0717656631407649,0.0761920260374288,0.0712449145646867,0.0692595606183889,0.0682506102522376,0.0711147274206672,0.0627176566314076,0.0613181448331977,0.0571847030105777,0.0576403580146461,0.0542880390561432,0.0577705451586656,0.0566965012205045,0.0495687550854353,0.0420179007323027,0.029519934906428,0.0214157851912124,0.0220341741253051
"Oregon","Marion County",346868,0.498457626532283,0.887265472744675,0.0153285976221502,0.024974918412768,0.270220948602927,0.0673973961276336,0.0684871478487494,0.0702197954265023,0.0663278249939458,0.0649959062236932,0.073719685874742,0.067406044950817,0.0670168479075614,0.0607925781565322,0.0597864317261898,0.0568256512563857,0.0608012269797156,0.0595384987949306,0.0519592467451595,0.0406235224927062,0.027558033603561,0.0176291845889503,0.0189149763022245
"Oregon","Morrow County",11372,0.513717903622934,0.930267323250088,0.0107281041153711,0.00677101653183257,0.373461132606402,0.0739535701723531,0.0754484699261344,0.0789658811115019,0.0758881463243053,0.0594442490327119,0.0545198733731973,0.0517059444249033,0.0598839254308829,0.0556630320084418,0.0570699964825888,0.0568061906436862,0.0640168835736898,0.0712275765036933,0.0597959901512487,0.0415054519873373,0.0283151600422089,0.0206647907140345,0.0151248680970805
"Oregon","Multnomah County",811880,0.49537123712864,0.790174656353156,0.0607897718874711,0.0811831797802631,0.117486574370597,0.054152091442085,0.0528119919199882,0.0515260875991526,0.0498546583238902,0.0584409025964428,0.0924878060797162,0.0947381386411785,0.0895230822289008,0.0762378676651722,0.0710807015815145,0.0603488200226634,0.0582007193181258,0.0562423018180027,0.0498411095235749,0.0351554416908903,0.0210708479085579,0.0129046164457802,0.0153828151943637
"Oregon","Polk County",85234,0.488748621442147,0.8968017457822,0.0114038998521717,0.0208367552854495,0.143370016660018,0.0575005279583265,0.0638360278761996,0.0671562991294554,0.0739024333012648,0.0903630006804796,0.0641762676866039,0.0581575427646244,0.0593659807119225,0.057336274256752,0.0561513011239646,0.0542037215195814,0.0579815566557946,0.0606565455100077,0.0571720205551775,0.047750897529155,0.032709951427834,0.0206490367693643,0.020930614543492
"Oregon","Sherman County",1708,0.515222482435597,0.933255269320843,0.00526932084309133,0.00644028103044497,0.0737704918032787,0.0532786885245902,0.0450819672131148,0.0503512880562061,0.0544496487119438,0.0327868852459016,0.0456674473067916,0.0567915690866511,0.0544496487119438,0.0579625292740047,0.0573770491803279,0.0597189695550351,0.0860655737704918,0.0807962529274005,0.0749414519906323,0.0614754098360656,0.0497658079625293,0.0403981264637002,0.0386416861826698
"Oregon","Tillamook County",26787,0.50625303318774,0.933549856273566,0.00675700899690148,0.0106768208459327,0.106805540000747,0.0487176615522455,0.0543173927651473,0.0548773658864374,0.048344346138052,0.046067122111472,0.0524881472355994,0.0548773658864374,0.0555493336319857,0.0494269608392131,0.0556239967148244,0.05872251465263,0.0737671258446261,0.0892970470750737,0.0919102549744279,0.0704819501997238,0.0459924590286333,0.0256094374136708,0.0239295180498003
"Oregon","Umatilla County",77516,0.521969657877083,0.904277826513236,0.0120104236544713,0.0111718870942773,0.272653387687703,0.0656638629444244,0.0705789772434078,0.0737525156096806,0.0671603281903091,0.0643867072604365,0.0749909696062748,0.0645802156974044,0.0642189999483977,0.0618323958924609,0.0603359306465762,0.0577945198410651,0.0593038856494143,0.0590458744001238,0.0515119459208421,0.0402368543268486,0.0276201042365447,0.0183704009494814,0.0186155116363073
"Oregon","Union County",26461,0.497260118665205,0.926382222894071,0.00774725067079853,0.0123956010732777,0.0489777408261215,0.0597861002985526,0.0634140811004875,0.0634896640338612,0.0708590000377915,0.0792109141755792,0.0589168965647557,0.0583878160311402,0.0613355504327123,0.0510184800272099,0.0487132005593137,0.0491289066928687,0.0610710101659045,0.0729375307055667,0.0639053701674162,0.0510184800272099,0.0369978458863989,0.0230905861456483,0.0267185669475832
"Oregon","Wallowa County",7081,0.493998022878125,0.9569269877136,0.00381302075977969,0.0049428046886033,0.0337522948736054,0.0481570399661065,0.0512639457703714,0.055359412512357,0.046744810055077,0.0296568281316198,0.0413783363931648,0.0570540884055924,0.05550063550346,0.0475921480016947,0.0446264651885327,0.05550063550346,0.081485665866403,0.0939132890834628,0.0974438638610366,0.0731535093913289,0.0518288377347832,0.0341759638469143,0.0351645247846349
"Oregon","Wasco County",26505,0.502622146764761,0.908243727598566,0.00735710243350311,0.0114695340501792,0.186530843237125,0.0642897566496887,0.0616487455197133,0.0608187134502924,0.0546689303904924,0.0550462176947746,0.0700245236747783,0.0645538577626863,0.0608187134502924,0.0544048292774948,0.0538011695906433,0.0541784568949255,0.0671571401622335,0.0726655348047538,0.069458592718355,0.0522542916430862,0.0363704961328051,0.0216185625353707,0.0262214676476137
"Oregon","Washington County",597695,0.494712185981144,0.800245944838086,0.0245342524197124,0.114469754640745,0.169956248588327,0.0601577727770853,0.0635290574624181,0.0659215820778156,0.0604104099917182,0.0602464467663273,0.0778858782489397,0.0795539531031713,0.0790135436970361,0.0713340416098512,0.0703268389395929,0.0617438660186215,0.0603970252386251,0.0551836639088498,0.0463263035494692,0.0354110374020194,0.0222923062766127,0.0140088172061001,0.0162574557257464
"Oregon","Wheeler County",1366,0.495607613469985,0.916544655929722,0.00512445095168375,0.00878477306002928,0.0636896046852123,0.0490483162518302,0.0366032210834553,0.0395314787701318,0.0468521229868228,0.0314787701317716,0.0395314787701318,0.0439238653001464,0.04099560761347,0.0402635431918009,0.0475841874084919,0.0592972181551977,0.0732064421669107,0.103953147877013,0.0988286969253294,0.0790629575402635,0.0827232796486091,0.0439238653001464,0.0431918008784773
"Oregon","Yamhill County",107002,0.500654193379563,0.913151156053158,0.0122427618175361,0.0215603446664548,0.161744640287097,0.0572045382329302,0.0597558924132259,0.0648492551541093,0.0724752808358722,0.0691108577409768,0.063690398310312,0.0630922786489972,0.0661576419132353,0.0628492925365881,0.0613166109044691,0.0595876712584811,0.0635875964935235,0.0649520569708977,0.0564475430365788,0.0444851498102839,0.0293545915029626,0.0193173959365245,0.0217659483000318
